pop_age,colony_ID,num_adsB4_dispersal,dispersers,colAlive,state,col_space
1,1,1,N,alive,Nalive,1.0
1,2,1,N,alive,Nalive,2.0
1,3,1,N,alive,Nalive,3.0
1,4,1,N,alive,Nalive,4.0
1,5,1,N,alive,Nalive,5.0
1,6,10,N,alive,Nalive,6.0
1,7,20,N,alive,Nalive,7.0
1,8,30,N,alive,Nalive,8.0
1,9,40,N,alive,Nalive,9.0
1,10,50,N,alive,Nalive,10.0
1,11,60,N,alive,Nalive,11.0
1,12,70,N,alive,Nalive,12.0
1,13,80,N,alive,Nalive,13.0
1,14,90,N,alive,Nalive,14.0
1,15,100,N,alive,Nalive,15.0
1,16,110,N,alive,Nalive,16.0
1,17,120,N,alive,Nalive,17.0
1,18,130,N,alive,Nalive,18.0
1,19,140,N,alive,Nalive,19.0
1,20,150,N,alive,Nalive,20.0
1,21,160,N,alive,Nalive,21.0
1,22,170,N,alive,Nalive,22.0
1,23,180,N,alive,Nalive,23.0
1,24,190,N,alive,Nalive,24.0
1,25,200,N,alive,Nalive,25.0
1,26,210,N,alive,Nalive,26.0
1,27,220,N,alive,Nalive,27.0
1,28,230,N,alive,Nalive,28.0
1,29,240,N,alive,Nalive,29.0
1,30,250,N,alive,Nalive,30.0
1,31,260,N,alive,Nalive,31.0
1,32,270,N,alive,Nalive,32.0
1,33,280,N,alive,Nalive,33.0
1,34,290,N,alive,Nalive,34.0
1,35,300,N,alive,Nalive,35.0
1,36,1,N,alive,Nalive,36.0
1,37,1,N,alive,Nalive,37.0
1,38,1,N,alive,Nalive,38.0
1,39,1,N,alive,Nalive,39.0
1,40,1,N,alive,Nalive,40.0
1,41,10,N,alive,Nalive,41.0
1,42,20,N,alive,Nalive,42.0
1,43,30,N,alive,Nalive,43.0
1,44,40,N,alive,Nalive,44.0
1,45,50,N,alive,Nalive,45.0
1,46,60,N,alive,Nalive,46.0
1,47,70,N,alive,Nalive,47.0
1,48,80,N,alive,Nalive,48.0
1,49,90,N,alive,Nalive,49.0
1,50,100,N,alive,Nalive,50.0
1,51,110,N,alive,Nalive,51.0
1,52,120,N,alive,Nalive,52.0
1,53,130,N,alive,Nalive,53.0
1,54,140,N,alive,Nalive,54.0
1,55,150,N,alive,Nalive,55.0
1,56,160,N,alive,Nalive,56.0
1,57,170,N,alive,Nalive,57.0
1,58,180,N,alive,Nalive,58.0
1,59,190,N,alive,Nalive,59.0
1,60,200,N,alive,Nalive,60.0
1,61,210,N,alive,Nalive,61.0
1,62,220,N,alive,Nalive,62.0
1,63,230,N,alive,Nalive,63.0
1,64,240,N,alive,Nalive,64.0
1,65,250,N,alive,Nalive,65.0
1,66,260,N,alive,Nalive,66.0
1,67,270,N,alive,Nalive,67.0
1,68,280,N,alive,Nalive,68.0
1,69,290,N,alive,Nalive,69.0
1,70,300,N,alive,Nalive,70.0
2,1,3,N,alive,Nalive,1.0
2,2,3,N,alive,Nalive,2.0
2,3,3,N,alive,Nalive,3.0
2,4,3,N,alive,Nalive,4.0
2,5,3,N,alive,Nalive,5.0
2,6,28,N,alive,Nalive,6.0
2,7,57,N,alive,Nalive,7.0
2,8,88,N,alive,Nalive,8.0
2,9,120,N,alive,Nalive,9.0
2,10,153,N,alive,Nalive,10.0
2,11,188,N,alive,Nalive,11.0
2,12,223,N,alive,Nalive,12.0
2,13,260,N,alive,Nalive,13.0
2,14,298,N,alive,Nalive,14.0
2,15,336,N,alive,Nalive,15.0
2,16,376,N,alive,Nalive,16.0
2,17,416,N,alive,Nalive,17.0
2,18,457,N,alive,Nalive,18.0
2,19,499,N,alive,Nalive,19.0
2,20,541,N,alive,Nalive,20.0
2,21,584,N,alive,Nalive,21.0
2,22,627,N,alive,Nalive,22.0
2,23,670,N,alive,Nalive,23.0
2,24,714,N,alive,Nalive,24.0
2,25,758,N,alive,Nalive,25.0
2,26,802,N,alive,Nalive,26.0
2,27,845,N,alive,Nalive,27.0
2,28,889,N,alive,Nalive,28.0
2,29,932,N,alive,Nalive,29.0
2,30,975,N,alive,Nalive,30.0
2,31,1018,N,dead,Ndead,31.0
2,32,1060,N,dead,Ndead,32.0
2,33,1101,N,dead,Ndead,33.0
2,34,1142,N,dead,Ndead,34.0
2,35,1182,N,dead,Ndead,35.0
2,36,3,N,alive,Nalive,36.0
2,37,3,N,alive,Nalive,37.0
2,38,3,N,alive,Nalive,38.0
2,39,3,N,alive,Nalive,39.0
2,40,3,N,alive,Nalive,40.0
2,41,28,N,alive,Nalive,41.0
2,42,57,N,alive,Nalive,42.0
2,43,88,N,alive,Nalive,43.0
2,44,120,N,alive,Nalive,44.0
2,45,153,N,alive,Nalive,45.0
2,46,188,N,alive,Nalive,46.0
2,47,223,N,alive,Nalive,47.0
2,48,260,N,alive,Nalive,48.0
2,49,298,N,alive,Nalive,49.0
2,50,336,N,alive,Nalive,50.0
2,51,376,N,alive,Nalive,51.0
2,52,416,N,alive,Nalive,52.0
2,53,457,N,alive,Nalive,53.0
2,54,499,N,alive,Nalive,54.0
2,55,541,N,alive,Nalive,55.0
2,56,584,N,alive,Nalive,56.0
2,57,627,N,alive,Nalive,57.0
2,58,670,N,alive,Nalive,58.0
2,59,714,N,alive,Nalive,59.0
2,60,758,N,alive,Nalive,60.0
2,61,802,N,alive,Nalive,61.0
2,62,845,N,alive,Nalive,62.0
2,63,889,N,alive,Nalive,63.0
2,64,932,N,alive,Nalive,64.0
2,65,975,N,alive,Nalive,65.0
2,66,1018,N,dead,Ndead,66.0
2,67,1060,N,dead,Ndead,67.0
2,68,1101,N,dead,Ndead,68.0
2,69,1142,N,dead,Ndead,69.0
2,70,1182,N,dead,Ndead,
3,1,8,N,alive,Nalive,1.0
3,2,8,N,alive,Nalive,2.0
3,3,8,N,alive,Nalive,3.0
3,4,8,N,alive,Nalive,4.0
3,5,8,N,alive,Nalive,5.0
3,6,77,N,alive,Nalive,6.0
3,7,166,N,alive,Nalive,7.0
3,8,270,N,alive,Nalive,8.0
3,9,387,N,alive,Nalive,9.0
3,10,515,N,alive,Nalive,10.0
3,11,654,N,alive,Nalive,11.0
3,12,796,D,alive,Dalive,12.0
3,13,943,D,alive,Dalive,13.0
3,14,1088,D,dead,Ddead,14.0
3,15,1222,D,dead,Ddead,15.0
3,16,1344,D,dead,Ddead,16.0
3,17,1446,N,dead,Ndead,17.0
3,18,1524,N,dead,Ndead,18.0
3,19,1572,N,dead,Ndead,19.0
3,20,1587,N,dead,Ndead,20.0
3,21,1567,N,dead,Ndead,21.0
3,22,1511,N,dead,Ndead,22.0
3,23,1421,N,dead,Ndead,23.0
3,24,1298,N,dead,Ndead,24.0
3,25,1146,N,dead,Ndead,25.0
3,26,971,N,alive,Nalive,26.0
3,27,782,N,alive,Nalive,27.0
3,28,577,N,alive,Nalive,28.0
3,29,368,N,alive,Nalive,29.0
3,30,157,N,alive,Nalive,30.0
3,36,8,N,alive,Nalive,36.0
3,37,8,N,alive,Nalive,37.0
3,38,8,N,alive,Nalive,38.0
3,39,8,N,alive,Nalive,39.0
3,40,8,N,alive,Nalive,40.0
3,41,77,N,alive,Nalive,41.0
3,42,166,N,alive,Nalive,42.0
3,43,270,N,alive,Nalive,43.0
3,44,387,N,alive,Nalive,44.0
3,45,515,N,alive,Nalive,45.0
3,46,654,N,alive,Nalive,46.0
3,47,796,D,alive,Dalive,47.0
3,48,943,D,alive,Dalive,48.0
3,49,1088,D,dead,Ddead,49.0
3,50,1222,D,dead,Ddead,50.0
3,51,1344,D,dead,Ddead,51.0
3,52,1446,N,dead,Ndead,52.0
3,53,1524,N,dead,Ndead,53.0
3,54,1572,N,dead,Ndead,54.0
3,55,1587,N,dead,Ndead,55.0
3,56,1567,N,dead,Ndead,56.0
3,57,1511,N,dead,Ndead,57.0
3,58,1421,N,dead,Ndead,58.0
3,59,1298,N,dead,Ndead,59.0
3,60,1146,N,dead,Ndead,60.0
3,61,971,N,alive,Nalive,61.0
3,62,782,N,alive,Nalive,62.0
3,63,577,N,alive,Nalive,63.0
3,64,368,N,alive,Nalive,64.0
3,65,157,N,alive,Nalive,65.0
3,71,1,N,31,Nalive,
3,72,1,N,32,Nalive,
3,73,1,N,33,Nalive,
3,74,1,N,34,Nalive,
3,75,1,N,35,Nalive,
3,76,1,N,66,Nalive,
3,77,1,N,67,Nalive,
3,78,1,N,68,Nalive,
3,79,1,N,69,Nalive,
3,80,1,N,70,Nalive,
3,81,1,N,71,Nalive,
3,82,1,N,72,Nalive,
3,83,1,N,73,Nalive,
3,84,1,N,74,Nalive,
3,85,1,N,75,Nalive,
3,86,1,N,76,Nalive,
3,87,1,N,77,Nalive,
3,88,1,N,78,Nalive,
3,89,1,N,79,Nalive,
3,90,1,N,80,Nalive,
3,91,1,N,81,Nalive,
3,92,1,N,82,Nalive,
3,93,1,N,83,Nalive,
3,94,1,N,84,Nalive,
3,95,1,N,85,Nalive,
3,96,1,N,86,Nalive,
3,97,1,N,87,Nalive,
3,98,1,N,88,Nalive,
3,99,1,N,89,Nalive,
3,100,1,N,90,Nalive,
3,101,1,N,91,Nalive,
3,102,1,N,92,Nalive,
3,103,1,N,93,Nalive,
3,104,1,N,94,Nalive,
3,105,1,N,95,Nalive,
3,106,1,N,96,Nalive,
3,107,1,N,97,Nalive,
3,108,1,N,98,Nalive,
3,109,1,N,99,Nalive,
3,110,1,N,100,Nalive,
3,111,1,N,101,Nalive,
3,112,1,N,102,Nalive,
3,113,1,N,103,Nalive,
3,114,1,N,104,Nalive,
3,115,1,N,105,Nalive,
3,116,1,N,106,Nalive,
3,117,1,N,107,Nalive,
3,118,1,N,108,Nalive,
3,119,1,N,109,Nalive,
3,120,1,N,110,Nalive,
3,121,1,N,111,Nalive,
3,122,1,N,112,Nalive,
3,123,1,N,113,Nalive,
3,124,1,N,114,Nalive,
3,125,1,N,115,Nalive,
3,126,1,N,116,Nalive,
3,127,1,N,117,Nalive,
3,128,1,N,118,Nalive,
3,129,1,N,119,Nalive,
3,130,1,N,120,Nalive,
3,131,1,N,121,Nalive,
3,132,1,N,122,Nalive,
3,133,1,N,123,Nalive,
3,134,1,N,124,Nalive,
3,135,1,N,125,Nalive,
3,136,1,N,126,Nalive,
3,137,1,N,127,Nalive,
3,138,1,N,128,Nalive,
3,139,1,N,129,Nalive,
3,140,1,N,130,Nalive,
3,141,1,N,131,Nalive,
3,142,1,N,132,Nalive,
3,143,1,N,133,Nalive,
3,144,1,N,134,Nalive,
3,145,1,N,135,Nalive,
3,146,1,N,136,Nalive,
3,147,1,N,137,Nalive,
3,148,1,N,138,Nalive,
3,149,1,N,139,Nalive,
3,150,1,N,140,Nalive,
3,151,1,N,141,Nalive,
3,152,1,N,142,Nalive,
3,153,1,N,143,Nalive,
3,154,1,N,144,Nalive,
3,155,1,N,145,Nalive,
3,156,1,N,146,Nalive,
3,157,1,N,147,Nalive,
4,1,21,N,alive,Nalive,1.0
4,2,21,N,alive,Nalive,2.0
4,3,21,N,alive,Nalive,3.0
4,4,21,N,alive,Nalive,4.0
4,5,21,N,alive,Nalive,5.0
4,6,233,N,alive,Nalive,6.0
4,7,568,N,alive,Nalive,7.0
4,8,988,D,alive,Dalive,8.0
4,9,1386,N,dead,Ndead,9.0
4,10,1597,N,dead,Ndead,10.0
4,11,1471,N,dead,Ndead,11.0
4,12,1055,N,dead,Ndead,12.0
4,13,454,N,alive,Nalive,13.0
4,26,216,N,alive,Nalive,26.0
4,27,1044,N,dead,Ndead,27.0
4,28,1496,N,dead,Ndead,28.0
4,29,1255,D,dead,Ddead,29.0
4,30,503,N,alive,Nalive,30.0
4,36,21,N,alive,Nalive,36.0
4,37,21,N,alive,Nalive,37.0
4,38,21,N,alive,Nalive,38.0
4,39,21,N,alive,Nalive,39.0
4,40,21,N,alive,Nalive,40.0
4,41,233,N,alive,Nalive,41.0
4,42,568,N,alive,Nalive,42.0
4,43,988,D,alive,Dalive,43.0
4,44,1386,N,dead,Ndead,44.0
4,45,1597,N,dead,Ndead,45.0
4,46,1471,N,dead,Ndead,46.0
4,47,1055,N,dead,Ndead,47.0
4,48,454,N,alive,Nalive,48.0
4,61,216,N,alive,Nalive,61.0
4,62,1044,N,dead,Ndead,62.0
4,63,1496,N,dead,Ndead,63.0
4,64,1255,D,dead,Ddead,64.0
4,65,503,N,alive,Nalive,65.0
4,71,3,N,14,Nalive,
4,72,3,N,15,Nalive,
4,73,3,N,16,Nalive,
4,74,3,N,17,Nalive,
4,75,3,N,18,Nalive,
4,76,3,N,19,Nalive,
4,77,3,N,20,Nalive,
4,78,3,N,21,Nalive,
4,79,3,N,22,Nalive,
4,80,3,N,23,Nalive,
4,81,3,N,24,Nalive,
4,82,3,N,25,Nalive,
4,83,3,N,31,Nalive,
4,84,3,N,32,Nalive,
4,85,3,N,33,Nalive,
4,86,3,N,34,Nalive,
4,87,3,N,35,Nalive,
4,88,3,N,49,Nalive,
4,89,3,N,50,Nalive,
4,90,3,N,51,Nalive,
4,91,3,N,52,Nalive,
4,92,3,N,53,Nalive,
4,93,3,N,54,Nalive,
4,94,3,N,55,Nalive,
4,95,3,N,56,Nalive,
4,96,3,N,57,Nalive,
4,97,3,N,58,Nalive,
4,98,3,N,59,Nalive,
4,99,3,N,60,Nalive,
4,100,3,N,66,Nalive,
4,101,3,N,67,Nalive,
4,102,3,N,68,Nalive,
4,103,3,N,69,Nalive,
4,104,3,N,70,Nalive,
4,105,3,N,71,Nalive,
4,106,3,N,72,Nalive,
4,107,3,N,73,Nalive,
4,108,3,N,74,Nalive,
4,109,3,N,75,Nalive,
4,110,3,N,76,Nalive,
4,111,3,N,77,Nalive,
4,112,3,N,78,Nalive,
4,113,3,N,79,Nalive,
4,114,3,N,80,Nalive,
4,115,3,N,81,Nalive,
4,116,3,N,82,Nalive,
4,117,3,N,83,Nalive,
4,118,3,N,84,Nalive,
4,119,3,N,85,Nalive,
4,120,3,N,86,Nalive,
4,121,3,N,87,Nalive,
4,122,3,N,88,Nalive,
4,123,3,N,89,Nalive,
4,124,3,N,90,Nalive,
4,125,3,N,91,Nalive,
4,126,3,N,92,Nalive,
4,127,3,N,93,Nalive,
4,128,3,N,94,Nalive,
4,129,3,N,95,Nalive,
4,130,3,N,96,Nalive,
4,131,3,N,97,Nalive,
4,132,3,N,98,Nalive,
4,133,3,N,99,Nalive,
4,134,3,N,100,Nalive,
4,135,3,N,101,Nalive,
4,136,3,N,102,Nalive,
4,137,3,N,103,Nalive,
4,138,3,N,104,Nalive,
4,139,3,N,105,Nalive,
4,140,3,N,106,Nalive,
4,141,3,N,107,Nalive,
4,142,3,N,108,Nalive,
4,143,3,N,109,Nalive,
4,144,3,N,110,Nalive,
4,145,3,N,111,Nalive,
4,146,3,N,112,Nalive,
4,147,3,N,113,Nalive,
4,148,3,N,114,Nalive,
4,149,3,N,115,Nalive,
4,150,3,N,116,Nalive,
4,151,3,N,117,Nalive,
4,152,3,N,118,Nalive,
4,153,3,N,119,Nalive,
4,154,3,N,120,Nalive,
4,155,3,N,121,Nalive,
4,156,3,N,122,Nalive,
4,157,3,N,123,Nalive,
4,158,1,N,124,Nalive,
4,159,1,N,125,Nalive,
4,160,1,N,126,Nalive,
4,161,1,N,127,Nalive,
4,162,1,N,128,Nalive,
4,163,1,N,129,Nalive,
4,164,1,N,130,Nalive,
4,165,1,N,131,Nalive,
4,166,1,N,132,Nalive,
4,167,1,N,133,Nalive,
4,168,1,N,134,Nalive,
4,169,1,N,135,Nalive,
4,170,1,N,136,Nalive,
4,171,1,N,137,Nalive,
4,172,1,N,138,Nalive,
4,173,1,N,139,Nalive,
4,174,1,N,140,Nalive,
4,175,1,N,141,Nalive,
4,176,1,N,142,Nalive,
4,177,1,N,143,Nalive,
4,178,1,N,144,Nalive,
4,179,1,N,145,Nalive,
4,180,1,N,146,Nalive,
4,181,1,N,147,Nalive,
4,182,1,N,148,Nalive,
4,183,1,N,149,Nalive,
4,184,1,N,150,Nalive,
4,185,1,N,151,Nalive,
4,186,1,N,152,Nalive,
4,187,1,N,153,Nalive,
4,188,1,N,154,Nalive,
4,189,1,N,155,Nalive,
4,190,1,N,156,Nalive,
4,191,1,N,157,Nalive,
4,192,1,N,158,Nalive,
4,193,1,N,159,Nalive,
4,194,1,N,160,Nalive,
4,195,1,N,161,Nalive,
4,196,1,N,162,Nalive,
4,197,1,N,163,Nalive,
4,198,1,N,164,Nalive,
4,199,1,N,165,Nalive,
4,200,1,N,166,Nalive,
4,201,1,N,167,Nalive,
4,202,1,N,168,Nalive,
4,203,1,N,169,Nalive,
4,204,1,N,170,Nalive,
4,205,1,N,171,Nalive,
4,206,1,N,172,Nalive,
4,207,1,N,173,Nalive,
4,208,1,N,174,Nalive,
4,209,1,N,175,Nalive,
4,210,1,N,176,Nalive,
4,211,1,N,177,Nalive,
4,212,1,N,178,Nalive,
4,213,1,N,179,Nalive,
4,214,1,N,180,Nalive,
4,215,1,N,181,Nalive,
4,216,1,N,182,Nalive,
4,217,1,N,183,Nalive,
4,218,1,N,184,Nalive,
4,219,1,N,185,Nalive,
4,220,1,N,186,Nalive,
4,221,1,N,187,Nalive,
4,222,1,N,188,Nalive,
4,223,1,N,189,Nalive,
4,224,1,N,190,Nalive,
4,225,1,N,191,Nalive,
4,226,1,N,192,Nalive,
4,227,1,N,193,Nalive,
4,228,1,N,194,Nalive,
4,229,1,N,195,Nalive,
4,230,1,N,196,Nalive,
4,231,1,N,197,Nalive,
4,232,1,N,198,Nalive,
4,233,1,N,199,Nalive,
4,234,1,N,200,Nalive,
5,1,57,N,alive,Nalive,1.0
5,2,57,N,alive,Nalive,2.0
5,3,57,N,alive,Nalive,3.0
5,4,57,N,alive,Nalive,4.0
5,5,57,N,alive,Nalive,5.0
5,6,839,D,alive,Dalive,6.0
5,7,1593,N,dead,Ndead,7.0
5,8,190,N,alive,Nalive,8.0
5,13,1438,D,dead,Ddead,13.0
5,26,730,D,alive,Dalive,26.0
5,30,1602,N,dead,Ndead,30.0
5,36,57,N,alive,Nalive,36.0
5,37,57,N,alive,Nalive,37.0
5,38,57,N,alive,Nalive,38.0
5,39,57,N,alive,Nalive,39.0
5,40,57,N,alive,Nalive,40.0
5,41,839,D,alive,Dalive,41.0
5,42,1593,N,dead,Ndead,42.0
5,43,190,N,alive,Nalive,43.0
5,48,1438,D,dead,Ddead,48.0
5,61,730,D,alive,Dalive,61.0
5,65,1602,N,dead,Ndead,65.0
5,71,8,N,9,Nalive,
5,72,8,N,10,Nalive,
5,73,8,N,11,Nalive,
5,74,8,N,12,Nalive,
5,75,8,N,14,Nalive,
5,76,8,N,15,Nalive,
5,77,8,N,16,Nalive,
5,78,8,N,17,Nalive,
5,79,8,N,18,Nalive,
5,80,8,N,19,Nalive,
5,81,8,N,20,Nalive,
5,82,8,N,21,Nalive,
5,83,8,N,22,Nalive,
5,84,8,N,23,Nalive,
5,85,8,N,24,Nalive,
5,86,8,N,25,Nalive,
5,87,8,N,27,Nalive,
5,88,8,N,28,Nalive,
5,89,8,N,29,Nalive,
5,90,8,N,31,Nalive,
5,91,8,N,32,Nalive,
5,92,8,N,33,Nalive,
5,93,8,N,34,Nalive,
5,94,8,N,35,Nalive,
5,95,8,N,44,Nalive,
5,96,8,N,45,Nalive,
5,97,8,N,46,Nalive,
5,98,8,N,47,Nalive,
5,99,8,N,49,Nalive,
5,100,8,N,50,Nalive,
5,101,8,N,51,Nalive,
5,102,8,N,52,Nalive,
5,103,8,N,53,Nalive,
5,104,8,N,54,Nalive,
5,105,8,N,55,Nalive,
5,106,8,N,56,Nalive,
5,107,8,N,57,Nalive,
5,108,8,N,58,Nalive,
5,109,8,N,59,Nalive,
5,110,8,N,60,Nalive,
5,111,8,N,62,Nalive,
5,112,8,N,63,Nalive,
5,113,8,N,64,Nalive,
5,114,8,N,66,Nalive,
5,115,8,N,67,Nalive,
5,116,8,N,68,Nalive,
5,117,8,N,69,Nalive,
5,118,8,N,70,Nalive,
5,119,8,N,71,Nalive,
5,120,8,N,72,Nalive,
5,121,8,N,73,Nalive,
5,122,8,N,74,Nalive,
5,123,8,N,75,Nalive,
5,124,8,N,76,Nalive,
5,125,8,N,77,Nalive,
5,126,8,N,78,Nalive,
5,127,8,N,79,Nalive,
5,128,8,N,80,Nalive,
5,129,8,N,81,Nalive,
5,130,8,N,82,Nalive,
5,131,8,N,83,Nalive,
5,132,8,N,84,Nalive,
5,133,8,N,85,Nalive,
5,134,8,N,86,Nalive,
5,135,8,N,87,Nalive,
5,136,8,N,88,Nalive,
5,137,8,N,89,Nalive,
5,138,8,N,90,Nalive,
5,139,8,N,91,Nalive,
5,140,8,N,92,Nalive,
5,141,8,N,93,Nalive,
5,142,8,N,94,Nalive,
5,143,8,N,95,Nalive,
5,144,8,N,96,Nalive,
5,145,8,N,97,Nalive,
5,146,8,N,98,Nalive,
5,147,8,N,99,Nalive,
5,148,8,N,100,Nalive,
5,149,8,N,101,Nalive,
5,150,8,N,102,Nalive,
5,151,8,N,103,Nalive,
5,152,8,N,104,Nalive,
5,153,8,N,105,Nalive,
5,154,8,N,106,Nalive,
5,155,8,N,107,Nalive,
5,156,8,N,108,Nalive,
5,157,8,N,109,Nalive,
5,158,3,N,110,Nalive,
5,159,3,N,111,Nalive,
5,160,3,N,112,Nalive,
5,161,3,N,113,Nalive,
5,162,3,N,114,Nalive,
5,163,3,N,115,Nalive,
5,164,3,N,116,Nalive,
5,165,3,N,117,Nalive,
5,166,3,N,118,Nalive,
5,167,3,N,119,Nalive,
5,168,3,N,120,Nalive,
5,169,3,N,121,Nalive,
5,170,3,N,122,Nalive,
5,171,3,N,123,Nalive,
5,172,3,N,124,Nalive,
5,173,3,N,125,Nalive,
5,174,3,N,126,Nalive,
5,175,3,N,127,Nalive,
5,176,3,N,128,Nalive,
5,177,3,N,129,Nalive,
5,178,3,N,130,Nalive,
5,179,3,N,131,Nalive,
5,180,3,N,132,Nalive,
5,181,3,N,133,Nalive,
5,182,3,N,134,Nalive,
5,183,3,N,135,Nalive,
5,184,3,N,136,Nalive,
5,185,3,N,137,Nalive,
5,186,3,N,138,Nalive,
5,187,3,N,139,Nalive,
5,188,3,N,140,Nalive,
5,189,3,N,141,Nalive,
5,190,3,N,142,Nalive,
5,191,3,N,143,Nalive,
5,192,3,N,144,Nalive,
5,193,3,N,145,Nalive,
5,194,3,N,146,Nalive,
5,195,3,N,147,Nalive,
5,196,3,N,148,Nalive,
5,197,3,N,149,Nalive,
5,198,3,N,150,Nalive,
5,199,3,N,151,Nalive,
5,200,3,N,152,Nalive,
5,201,3,N,153,Nalive,
5,202,3,N,154,Nalive,
5,203,3,N,155,Nalive,
5,204,3,N,156,Nalive,
5,205,3,N,157,Nalive,
5,206,3,N,158,Nalive,
5,207,3,N,159,Nalive,
5,208,3,N,160,Nalive,
5,209,3,N,161,Nalive,
5,210,3,N,162,Nalive,
5,211,3,N,163,Nalive,
5,212,3,N,164,Nalive,
5,213,3,N,165,Nalive,
5,214,3,N,166,Nalive,
5,215,3,N,167,Nalive,
5,216,3,N,168,Nalive,
5,217,3,N,169,Nalive,
5,218,3,N,170,Nalive,
5,219,3,N,171,Nalive,
5,220,3,N,172,Nalive,
5,221,3,N,173,Nalive,
5,222,3,N,174,Nalive,
5,223,3,N,175,Nalive,
5,224,3,N,176,Nalive,
5,225,3,N,177,Nalive,
5,226,3,N,178,Nalive,
5,227,3,N,179,Nalive,
5,228,3,N,180,Nalive,
5,229,3,N,181,Nalive,
5,230,3,N,182,Nalive,
5,231,3,N,183,Nalive,
5,232,3,N,184,Nalive,
5,233,3,N,185,Nalive,
5,234,3,N,186,Nalive,
5,235,1,N,187,Nalive,
5,236,1,N,188,Nalive,
5,237,1,N,189,Nalive,
5,238,1,N,190,Nalive,
5,239,1,N,191,Nalive,
5,240,1,N,192,Nalive,
5,241,1,N,193,Nalive,
5,242,1,N,194,Nalive,
5,243,1,N,195,Nalive,
5,244,1,N,196,Nalive,
5,245,1,N,197,Nalive,
5,246,1,N,198,Nalive,
5,247,1,N,199,Nalive,
5,248,1,N,200,Nalive,
6,1,166,N,alive,Nalive,1.0
6,2,166,N,alive,Nalive,2.0
6,3,166,N,alive,Nalive,3.0
6,4,166,N,alive,Nalive,4.0
6,5,166,N,alive,Nalive,5.0
6,6,865,N,alive,Nalive,6.0
6,8,629,N,alive,Nalive,8.0
6,26,1497,N,dead,Ndead,26.0
6,36,166,N,alive,Nalive,36.0
6,37,166,N,alive,Nalive,37.0
6,38,166,N,alive,Nalive,38.0
6,39,166,N,alive,Nalive,39.0
6,40,166,N,alive,Nalive,40.0
6,41,865,N,alive,Nalive,41.0
6,43,629,N,alive,Nalive,43.0
6,61,1497,N,dead,Ndead,61.0
6,71,21,N,7,Nalive,
6,72,21,N,9,Nalive,
6,73,21,N,10,Nalive,
6,74,21,N,11,Nalive,
6,75,21,N,12,Nalive,
6,76,21,N,13,Nalive,
6,77,21,N,14,Nalive,
6,78,21,N,15,Nalive,
6,79,21,N,16,Nalive,
6,80,21,N,17,Nalive,
6,81,21,N,18,Nalive,
6,82,21,N,19,Nalive,
6,83,21,N,20,Nalive,
6,84,21,N,21,Nalive,
6,85,21,N,22,Nalive,
6,86,21,N,23,Nalive,
6,87,21,N,24,Nalive,
6,88,21,N,25,Nalive,
6,89,21,N,27,Nalive,
6,90,21,N,28,Nalive,
6,91,21,N,29,Nalive,
6,92,21,N,30,Nalive,
6,93,21,N,31,Nalive,
6,94,21,N,32,Nalive,
6,95,21,N,33,Nalive,
6,96,21,N,34,Nalive,
6,97,21,N,35,Nalive,
6,98,21,N,42,Nalive,
6,99,21,N,44,Nalive,
6,100,21,N,45,Nalive,
6,101,21,N,46,Nalive,
6,102,21,N,47,Nalive,
6,103,21,N,48,Nalive,
6,104,21,N,49,Nalive,
6,105,21,N,50,Nalive,
6,106,21,N,51,Nalive,
6,107,21,N,52,Nalive,
6,108,21,N,53,Nalive,
6,109,21,N,54,Nalive,
6,110,21,N,55,Nalive,
6,111,21,N,56,Nalive,
6,112,21,N,57,Nalive,
6,113,21,N,58,Nalive,
6,114,21,N,59,Nalive,
6,115,21,N,60,Nalive,
6,116,21,N,62,Nalive,
6,117,21,N,63,Nalive,
6,118,21,N,64,Nalive,
6,119,21,N,65,Nalive,
6,120,21,N,66,Nalive,
6,121,21,N,67,Nalive,
6,122,21,N,68,Nalive,
6,123,21,N,69,Nalive,
6,124,21,N,70,Nalive,
6,125,21,N,71,Nalive,
6,126,21,N,72,Nalive,
6,127,21,N,73,Nalive,
6,128,21,N,74,Nalive,
6,129,21,N,75,Nalive,
6,130,21,N,76,Nalive,
6,131,21,N,77,Nalive,
6,132,21,N,78,Nalive,
6,133,21,N,79,Nalive,
6,134,21,N,80,Nalive,
6,135,21,N,81,Nalive,
6,136,21,N,82,Nalive,
6,137,21,N,83,Nalive,
6,138,21,N,84,Nalive,
6,139,21,N,85,Nalive,
6,140,21,N,86,Nalive,
6,141,21,N,87,Nalive,
6,142,21,N,88,Nalive,
6,143,21,N,89,Nalive,
6,144,21,N,90,Nalive,
6,145,21,N,91,Nalive,
6,146,21,N,92,Nalive,
6,147,21,N,93,Nalive,
6,148,21,N,94,Nalive,
6,149,21,N,95,Nalive,
6,150,21,N,96,Nalive,
6,151,21,N,97,Nalive,
6,152,21,N,98,Nalive,
6,153,21,N,99,Nalive,
6,154,21,N,100,Nalive,
6,155,21,N,101,Nalive,
6,156,21,N,102,Nalive,
6,157,21,N,103,Nalive,
6,158,8,N,104,Nalive,
6,159,8,N,105,Nalive,
6,160,8,N,106,Nalive,
6,161,8,N,107,Nalive,
6,162,8,N,108,Nalive,
6,163,8,N,109,Nalive,
6,164,8,N,110,Nalive,
6,165,8,N,111,Nalive,
6,166,8,N,112,Nalive,
6,167,8,N,113,Nalive,
6,168,8,N,114,Nalive,
6,169,8,N,115,Nalive,
6,170,8,N,116,Nalive,
6,171,8,N,117,Nalive,
6,172,8,N,118,Nalive,
6,173,8,N,119,Nalive,
6,174,8,N,120,Nalive,
6,175,8,N,121,Nalive,
6,176,8,N,122,Nalive,
6,177,8,N,123,Nalive,
6,178,8,N,124,Nalive,
6,179,8,N,125,Nalive,
6,180,8,N,126,Nalive,
6,181,8,N,127,Nalive,
6,182,8,N,128,Nalive,
6,183,8,N,129,Nalive,
6,184,8,N,130,Nalive,
6,185,8,N,131,Nalive,
6,186,8,N,132,Nalive,
6,187,8,N,133,Nalive,
6,188,8,N,134,Nalive,
6,189,8,N,135,Nalive,
6,190,8,N,136,Nalive,
6,191,8,N,137,Nalive,
6,192,8,N,138,Nalive,
6,193,8,N,139,Nalive,
6,194,8,N,140,Nalive,
6,195,8,N,141,Nalive,
6,196,8,N,142,Nalive,
6,197,8,N,143,Nalive,
6,198,8,N,144,Nalive,
6,199,8,N,145,Nalive,
6,200,8,N,146,Nalive,
6,201,8,N,147,Nalive,
6,202,8,N,148,Nalive,
6,203,8,N,149,Nalive,
6,204,8,N,150,Nalive,
6,205,8,N,151,Nalive,
6,206,8,N,152,Nalive,
6,207,8,N,153,Nalive,
6,208,8,N,154,Nalive,
6,209,8,N,155,Nalive,
6,210,8,N,156,Nalive,
6,211,8,N,157,Nalive,
6,212,8,N,158,Nalive,
6,213,8,N,159,Nalive,
6,214,8,N,160,Nalive,
6,215,8,N,161,Nalive,
6,216,8,N,162,Nalive,
6,217,8,N,163,Nalive,
6,218,8,N,164,Nalive,
6,219,8,N,165,Nalive,
6,220,8,N,166,Nalive,
6,221,8,N,167,Nalive,
6,222,8,N,168,Nalive,
6,223,8,N,169,Nalive,
6,224,8,N,170,Nalive,
6,225,8,N,171,Nalive,
6,226,8,N,172,Nalive,
6,227,8,N,173,Nalive,
6,228,8,N,174,Nalive,
6,229,8,N,175,Nalive,
6,230,8,N,176,Nalive,
6,231,8,N,177,Nalive,
6,232,8,N,178,Nalive,
6,233,8,N,179,Nalive,
6,234,8,N,180,Nalive,
6,235,3,N,181,Nalive,
6,236,3,N,182,Nalive,
6,237,3,N,183,Nalive,
6,238,3,N,184,Nalive,
6,239,3,N,185,Nalive,
6,240,3,N,186,Nalive,
6,241,3,N,187,Nalive,
6,242,3,N,188,Nalive,
6,243,3,N,189,Nalive,
6,244,3,N,190,Nalive,
6,245,3,N,191,Nalive,
6,246,3,N,192,Nalive,
6,247,3,N,193,Nalive,
6,248,3,N,194,Nalive,
7,1,568,N,alive,Nalive,1.0
7,2,568,N,alive,Nalive,2.0
7,3,568,N,alive,Nalive,3.0
7,4,568,N,alive,Nalive,4.0
7,5,568,N,alive,Nalive,5.0
7,6,707,N,alive,Nalive,6.0
7,8,1530,N,dead,Ndead,8.0
7,36,568,N,alive,Nalive,36.0
7,37,568,N,alive,Nalive,37.0
7,38,568,N,alive,Nalive,38.0
7,39,568,N,alive,Nalive,39.0
7,40,568,N,alive,Nalive,40.0
7,41,707,N,alive,Nalive,41.0
7,43,1530,N,dead,Ndead,43.0
7,71,57,N,7,Nalive,
7,72,57,N,9,Nalive,
7,73,57,N,10,Nalive,
7,74,57,N,11,Nalive,
7,75,57,N,12,Nalive,
7,76,57,N,13,Nalive,
7,77,57,N,14,Nalive,
7,78,57,N,15,Nalive,
7,79,57,N,16,Nalive,
7,80,57,N,17,Nalive,
7,81,57,N,18,Nalive,
7,82,57,N,19,Nalive,
7,83,57,N,20,Nalive,
7,84,57,N,21,Nalive,
7,85,57,N,22,Nalive,
7,86,57,N,23,Nalive,
7,87,57,N,24,Nalive,
7,88,57,N,25,Nalive,
7,89,57,N,26,Nalive,
7,90,57,N,27,Nalive,
7,91,57,N,28,Nalive,
7,92,57,N,29,Nalive,
7,93,57,N,30,Nalive,
7,94,57,N,31,Nalive,
7,95,57,N,32,Nalive,
7,96,57,N,33,Nalive,
7,97,57,N,34,Nalive,
7,98,57,N,35,Nalive,
7,99,57,N,42,Nalive,
7,100,57,N,44,Nalive,
7,101,57,N,45,Nalive,
7,102,57,N,46,Nalive,
7,103,57,N,47,Nalive,
7,104,57,N,48,Nalive,
7,105,57,N,49,Nalive,
7,106,57,N,50,Nalive,
7,107,57,N,51,Nalive,
7,108,57,N,52,Nalive,
7,109,57,N,53,Nalive,
7,110,57,N,54,Nalive,
7,111,57,N,55,Nalive,
7,112,57,N,56,Nalive,
7,113,57,N,57,Nalive,
7,114,57,N,58,Nalive,
7,115,57,N,59,Nalive,
7,116,57,N,60,Nalive,
7,117,57,N,61,Nalive,
7,118,57,N,62,Nalive,
7,119,57,N,63,Nalive,
7,120,57,N,64,Nalive,
7,121,57,N,65,Nalive,
7,122,57,N,66,Nalive,
7,123,57,N,67,Nalive,
7,124,57,N,68,Nalive,
7,125,57,N,69,Nalive,
7,126,57,N,70,Nalive,
7,127,57,N,71,Nalive,
7,128,57,N,72,Nalive,
7,129,57,N,73,Nalive,
7,130,57,N,74,Nalive,
7,131,57,N,75,Nalive,
7,132,57,N,76,Nalive,
7,133,57,N,77,Nalive,
7,134,57,N,78,Nalive,
7,135,57,N,79,Nalive,
7,136,57,N,80,Nalive,
7,137,57,N,81,Nalive,
7,138,57,N,82,Nalive,
7,139,57,N,83,Nalive,
7,140,57,N,84,Nalive,
7,141,57,N,85,Nalive,
7,142,57,N,86,Nalive,
7,143,57,N,87,Nalive,
7,144,57,N,88,Nalive,
7,145,57,N,89,Nalive,
7,146,57,N,90,Nalive,
7,147,57,N,91,Nalive,
7,148,57,N,92,Nalive,
7,149,57,N,93,Nalive,
7,150,57,N,94,Nalive,
7,151,57,N,95,Nalive,
7,152,57,N,96,Nalive,
7,153,57,N,97,Nalive,
7,154,57,N,98,Nalive,
7,155,57,N,99,Nalive,
7,156,57,N,100,Nalive,
7,157,57,N,101,Nalive,
7,158,21,N,102,Nalive,
7,159,21,N,103,Nalive,
7,160,21,N,104,Nalive,
7,161,21,N,105,Nalive,
7,162,21,N,106,Nalive,
7,163,21,N,107,Nalive,
7,164,21,N,108,Nalive,
7,165,21,N,109,Nalive,
7,166,21,N,110,Nalive,
7,167,21,N,111,Nalive,
7,168,21,N,112,Nalive,
7,169,21,N,113,Nalive,
7,170,21,N,114,Nalive,
7,171,21,N,115,Nalive,
7,172,21,N,116,Nalive,
7,173,21,N,117,Nalive,
7,174,21,N,118,Nalive,
7,175,21,N,119,Nalive,
7,176,21,N,120,Nalive,
7,177,21,N,121,Nalive,
7,178,21,N,122,Nalive,
7,179,21,N,123,Nalive,
7,180,21,N,124,Nalive,
7,181,21,N,125,Nalive,
7,182,21,N,126,Nalive,
7,183,21,N,127,Nalive,
7,184,21,N,128,Nalive,
7,185,21,N,129,Nalive,
7,186,21,N,130,Nalive,
7,187,21,N,131,Nalive,
7,188,21,N,132,Nalive,
7,189,21,N,133,Nalive,
7,190,21,N,134,Nalive,
7,191,21,N,135,Nalive,
7,192,21,N,136,Nalive,
7,193,21,N,137,Nalive,
7,194,21,N,138,Nalive,
7,195,21,N,139,Nalive,
7,196,21,N,140,Nalive,
7,197,21,N,141,Nalive,
7,198,21,N,142,Nalive,
7,199,21,N,143,Nalive,
7,200,21,N,144,Nalive,
7,201,21,N,145,Nalive,
7,202,21,N,146,Nalive,
7,203,21,N,147,Nalive,
7,204,21,N,148,Nalive,
7,205,21,N,149,Nalive,
7,206,21,N,150,Nalive,
7,207,21,N,151,Nalive,
7,208,21,N,152,Nalive,
7,209,21,N,153,Nalive,
7,210,21,N,154,Nalive,
7,211,21,N,155,Nalive,
7,212,21,N,156,Nalive,
7,213,21,N,157,Nalive,
7,214,21,N,158,Nalive,
7,215,21,N,159,Nalive,
7,216,21,N,160,Nalive,
7,217,21,N,161,Nalive,
7,218,21,N,162,Nalive,
7,219,21,N,163,Nalive,
7,220,21,N,164,Nalive,
7,221,21,N,165,Nalive,
7,222,21,N,166,Nalive,
7,223,21,N,167,Nalive,
7,224,21,N,168,Nalive,
7,225,21,N,169,Nalive,
7,226,21,N,170,Nalive,
7,227,21,N,171,Nalive,
7,228,21,N,172,Nalive,
7,229,21,N,173,Nalive,
7,230,21,N,174,Nalive,
7,231,21,N,175,Nalive,
7,232,21,N,176,Nalive,
7,233,21,N,177,Nalive,
7,234,21,N,178,Nalive,
7,235,8,N,179,Nalive,
7,236,8,N,180,Nalive,
7,237,8,N,181,Nalive,
7,238,8,N,182,Nalive,
7,239,8,N,183,Nalive,
7,240,8,N,184,Nalive,
7,241,8,N,185,Nalive,
7,242,8,N,186,Nalive,
7,243,8,N,187,Nalive,
7,244,8,N,188,Nalive,
7,245,8,N,189,Nalive,
7,246,8,N,190,Nalive,
7,247,8,N,191,Nalive,
7,248,8,N,192,Nalive,
8,1,1593,N,dead,Ndead,1.0
8,2,1593,N,dead,Ndead,2.0
8,3,1593,N,dead,Ndead,3.0
8,4,1593,N,dead,Ndead,4.0
8,5,1593,N,dead,Ndead,5.0
8,6,1289,N,dead,Ndead,6.0
8,36,1593,N,dead,Ndead,36.0
8,37,1593,N,dead,Ndead,37.0
8,38,1593,N,dead,Ndead,38.0
8,39,1593,N,dead,Ndead,39.0
8,40,1593,N,dead,Ndead,40.0
8,41,1289,N,dead,Ndead,41.0
8,71,166,N,7,Nalive,
8,72,166,N,8,Nalive,
8,73,166,N,9,Nalive,
8,74,166,N,10,Nalive,
8,75,166,N,11,Nalive,
8,76,166,N,12,Nalive,
8,77,166,N,13,Nalive,
8,78,166,N,14,Nalive,
8,79,166,N,15,Nalive,
8,80,166,N,16,Nalive,
8,81,166,N,17,Nalive,
8,82,166,N,18,Nalive,
8,83,166,N,19,Nalive,
8,84,166,N,20,Nalive,
8,85,166,N,21,Nalive,
8,86,166,N,22,Nalive,
8,87,166,N,23,Nalive,
8,88,166,N,24,Nalive,
8,89,166,N,25,Nalive,
8,90,166,N,26,Nalive,
8,91,166,N,27,Nalive,
8,92,166,N,28,Nalive,
8,93,166,N,29,Nalive,
8,94,166,N,30,Nalive,
8,95,166,N,31,Nalive,
8,96,166,N,32,Nalive,
8,97,166,N,33,Nalive,
8,98,166,N,34,Nalive,
8,99,166,N,35,Nalive,
8,100,166,N,42,Nalive,
8,101,166,N,43,Nalive,
8,102,166,N,44,Nalive,
8,103,166,N,45,Nalive,
8,104,166,N,46,Nalive,
8,105,166,N,47,Nalive,
8,106,166,N,48,Nalive,
8,107,166,N,49,Nalive,
8,108,166,N,50,Nalive,
8,109,166,N,51,Nalive,
8,110,166,N,52,Nalive,
8,111,166,N,53,Nalive,
8,112,166,N,54,Nalive,
8,113,166,N,55,Nalive,
8,114,166,N,56,Nalive,
8,115,166,N,57,Nalive,
8,116,166,N,58,Nalive,
8,117,166,N,59,Nalive,
8,118,166,N,60,Nalive,
8,119,166,N,61,Nalive,
8,120,166,N,62,Nalive,
8,121,166,N,63,Nalive,
8,122,166,N,64,Nalive,
8,123,166,N,65,Nalive,
8,124,166,N,66,Nalive,
8,125,166,N,67,Nalive,
8,126,166,N,68,Nalive,
8,127,166,N,69,Nalive,
8,128,166,N,70,Nalive,
8,129,166,N,71,Nalive,
8,130,166,N,72,Nalive,
8,131,166,N,73,Nalive,
8,132,166,N,74,Nalive,
8,133,166,N,75,Nalive,
8,134,166,N,76,Nalive,
8,135,166,N,77,Nalive,
8,136,166,N,78,Nalive,
8,137,166,N,79,Nalive,
8,138,166,N,80,Nalive,
8,139,166,N,81,Nalive,
8,140,166,N,82,Nalive,
8,141,166,N,83,Nalive,
8,142,166,N,84,Nalive,
8,143,166,N,85,Nalive,
8,144,166,N,86,Nalive,
8,145,166,N,87,Nalive,
8,146,166,N,88,Nalive,
8,147,166,N,89,Nalive,
8,148,166,N,90,Nalive,
8,149,166,N,91,Nalive,
8,150,166,N,92,Nalive,
8,151,166,N,93,Nalive,
8,152,166,N,94,Nalive,
8,153,166,N,95,Nalive,
8,154,166,N,96,Nalive,
8,155,166,N,97,Nalive,
8,156,166,N,98,Nalive,
8,157,166,N,99,Nalive,
8,158,57,N,100,Nalive,
8,159,57,N,101,Nalive,
8,160,57,N,102,Nalive,
8,161,57,N,103,Nalive,
8,162,57,N,104,Nalive,
8,163,57,N,105,Nalive,
8,164,57,N,106,Nalive,
8,165,57,N,107,Nalive,
8,166,57,N,108,Nalive,
8,167,57,N,109,Nalive,
8,168,57,N,110,Nalive,
8,169,57,N,111,Nalive,
8,170,57,N,112,Nalive,
8,171,57,N,113,Nalive,
8,172,57,N,114,Nalive,
8,173,57,N,115,Nalive,
8,174,57,N,116,Nalive,
8,175,57,N,117,Nalive,
8,176,57,N,118,Nalive,
8,177,57,N,119,Nalive,
8,178,57,N,120,Nalive,
8,179,57,N,121,Nalive,
8,180,57,N,122,Nalive,
8,181,57,N,123,Nalive,
8,182,57,N,124,Nalive,
8,183,57,N,125,Nalive,
8,184,57,N,126,Nalive,
8,185,57,N,127,Nalive,
8,186,57,N,128,Nalive,
8,187,57,N,129,Nalive,
8,188,57,N,130,Nalive,
8,189,57,N,131,Nalive,
8,190,57,N,132,Nalive,
8,191,57,N,133,Nalive,
8,192,57,N,134,Nalive,
8,193,57,N,135,Nalive,
8,194,57,N,136,Nalive,
8,195,57,N,137,Nalive,
8,196,57,N,138,Nalive,
8,197,57,N,139,Nalive,
8,198,57,N,140,Nalive,
8,199,57,N,141,Nalive,
8,200,57,N,142,Nalive,
8,201,57,N,143,Nalive,
8,202,57,N,144,Nalive,
8,203,57,N,145,Nalive,
8,204,57,N,146,Nalive,
8,205,57,N,147,Nalive,
8,206,57,N,148,Nalive,
8,207,57,N,149,Nalive,
8,208,57,N,150,Nalive,
8,209,57,N,151,Nalive,
8,210,57,N,152,Nalive,
8,211,57,N,153,Nalive,
8,212,57,N,154,Nalive,
8,213,57,N,155,Nalive,
8,214,57,N,156,Nalive,
8,215,57,N,157,Nalive,
8,216,57,N,158,Nalive,
8,217,57,N,159,Nalive,
8,218,57,N,160,Nalive,
8,219,57,N,161,Nalive,
8,220,57,N,162,Nalive,
8,221,57,N,163,Nalive,
8,222,57,N,164,Nalive,
8,223,57,N,165,Nalive,
8,224,57,N,166,Nalive,
8,225,57,N,167,Nalive,
8,226,57,N,168,Nalive,
8,227,57,N,169,Nalive,
8,228,57,N,170,Nalive,
8,229,57,N,171,Nalive,
8,230,57,N,172,Nalive,
8,231,57,N,173,Nalive,
8,232,57,N,174,Nalive,
8,233,57,N,175,Nalive,
8,234,57,N,176,Nalive,
8,235,21,N,177,Nalive,
8,236,21,N,178,Nalive,
8,237,21,N,179,Nalive,
8,238,21,N,180,Nalive,
8,239,21,N,181,Nalive,
8,240,21,N,182,Nalive,
8,241,21,N,183,Nalive,
8,242,21,N,184,Nalive,
8,243,21,N,185,Nalive,
8,244,21,N,186,Nalive,
8,245,21,N,187,Nalive,
8,246,21,N,188,Nalive,
8,247,21,N,189,Nalive,
8,248,21,N,190,Nalive,
9,71,568,N,1,Nalive,
9,72,568,N,2,Nalive,
9,73,568,N,3,Nalive,
9,74,568,N,4,Nalive,
9,75,568,N,5,Nalive,
9,76,568,N,6,Nalive,
9,77,568,N,7,Nalive,
9,78,568,N,8,Nalive,
9,79,568,N,9,Nalive,
9,80,568,N,10,Nalive,
9,81,568,N,11,Nalive,
9,82,568,N,12,Nalive,
9,83,568,N,13,Nalive,
9,84,568,N,14,Nalive,
9,85,568,N,15,Nalive,
9,86,568,N,16,Nalive,
9,87,568,N,17,Nalive,
9,88,568,N,18,Nalive,
9,89,568,N,19,Nalive,
9,90,568,N,20,Nalive,
9,91,568,N,21,Nalive,
9,92,568,N,22,Nalive,
9,93,568,N,23,Nalive,
9,94,568,N,24,Nalive,
9,95,568,N,25,Nalive,
9,96,568,N,26,Nalive,
9,97,568,N,27,Nalive,
9,98,568,N,28,Nalive,
9,99,568,N,29,Nalive,
9,100,568,N,30,Nalive,
9,101,568,N,31,Nalive,
9,102,568,N,32,Nalive,
9,103,568,N,33,Nalive,
9,104,568,N,34,Nalive,
9,105,568,N,35,Nalive,
9,106,568,N,36,Nalive,
9,107,568,N,37,Nalive,
9,108,568,N,38,Nalive,
9,109,568,N,39,Nalive,
9,110,568,N,40,Nalive,
9,111,568,N,41,Nalive,
9,112,568,N,42,Nalive,
9,113,568,N,43,Nalive,
9,114,568,N,44,Nalive,
9,115,568,N,45,Nalive,
9,116,568,N,46,Nalive,
9,117,568,N,47,Nalive,
9,118,568,N,48,Nalive,
9,119,568,N,49,Nalive,
9,120,568,N,50,Nalive,
9,121,568,N,51,Nalive,
9,122,568,N,52,Nalive,
9,123,568,N,53,Nalive,
9,124,568,N,54,Nalive,
9,125,568,N,55,Nalive,
9,126,568,N,56,Nalive,
9,127,568,N,57,Nalive,
9,128,568,N,58,Nalive,
9,129,568,N,59,Nalive,
9,130,568,N,60,Nalive,
9,131,568,N,61,Nalive,
9,132,568,N,62,Nalive,
9,133,568,N,63,Nalive,
9,134,568,N,64,Nalive,
9,135,568,N,65,Nalive,
9,136,568,N,66,Nalive,
9,137,568,N,67,Nalive,
9,138,568,N,68,Nalive,
9,139,568,N,69,Nalive,
9,140,568,N,70,Nalive,
9,141,568,N,71,Nalive,
9,142,568,N,72,Nalive,
9,143,568,N,73,Nalive,
9,144,568,N,74,Nalive,
9,145,568,N,75,Nalive,
9,146,568,N,76,Nalive,
9,147,568,N,77,Nalive,
9,148,568,N,78,Nalive,
9,149,568,N,79,Nalive,
9,150,568,N,80,Nalive,
9,151,568,N,81,Nalive,
9,152,568,N,82,Nalive,
9,153,568,N,83,Nalive,
9,154,568,N,84,Nalive,
9,155,568,N,85,Nalive,
9,156,568,N,86,Nalive,
9,157,568,N,87,Nalive,
9,158,166,N,88,Nalive,
9,159,166,N,89,Nalive,
9,160,166,N,90,Nalive,
9,161,166,N,91,Nalive,
9,162,166,N,92,Nalive,
9,163,166,N,93,Nalive,
9,164,166,N,94,Nalive,
9,165,166,N,95,Nalive,
9,166,166,N,96,Nalive,
9,167,166,N,97,Nalive,
9,168,166,N,98,Nalive,
9,169,166,N,99,Nalive,
9,170,166,N,100,Nalive,
9,171,166,N,101,Nalive,
9,172,166,N,102,Nalive,
9,173,166,N,103,Nalive,
9,174,166,N,104,Nalive,
9,175,166,N,105,Nalive,
9,176,166,N,106,Nalive,
9,177,166,N,107,Nalive,
9,178,166,N,108,Nalive,
9,179,166,N,109,Nalive,
9,180,166,N,110,Nalive,
9,181,166,N,111,Nalive,
9,182,166,N,112,Nalive,
9,183,166,N,113,Nalive,
9,184,166,N,114,Nalive,
9,185,166,N,115,Nalive,
9,186,166,N,116,Nalive,
9,187,166,N,117,Nalive,
9,188,166,N,118,Nalive,
9,189,166,N,119,Nalive,
9,190,166,N,120,Nalive,
9,191,166,N,121,Nalive,
9,192,166,N,122,Nalive,
9,193,166,N,123,Nalive,
9,194,166,N,124,Nalive,
9,195,166,N,125,Nalive,
9,196,166,N,126,Nalive,
9,197,166,N,127,Nalive,
9,198,166,N,128,Nalive,
9,199,166,N,129,Nalive,
9,200,166,N,130,Nalive,
9,201,166,N,131,Nalive,
9,202,166,N,132,Nalive,
9,203,166,N,133,Nalive,
9,204,166,N,134,Nalive,
9,205,166,N,135,Nalive,
9,206,166,N,136,Nalive,
9,207,166,N,137,Nalive,
9,208,166,N,138,Nalive,
9,209,166,N,139,Nalive,
9,210,166,N,140,Nalive,
9,211,166,N,141,Nalive,
9,212,166,N,142,Nalive,
9,213,166,N,143,Nalive,
9,214,166,N,144,Nalive,
9,215,166,N,145,Nalive,
9,216,166,N,146,Nalive,
9,217,166,N,147,Nalive,
9,218,166,N,148,Nalive,
9,219,166,N,149,Nalive,
9,220,166,N,150,Nalive,
9,221,166,N,151,Nalive,
9,222,166,N,152,Nalive,
9,223,166,N,153,Nalive,
9,224,166,N,154,Nalive,
9,225,166,N,155,Nalive,
9,226,166,N,156,Nalive,
9,227,166,N,157,Nalive,
9,228,166,N,158,Nalive,
9,229,166,N,159,Nalive,
9,230,166,N,160,Nalive,
9,231,166,N,161,Nalive,
9,232,166,N,162,Nalive,
9,233,166,N,163,Nalive,
9,234,166,N,164,Nalive,
9,235,57,N,165,Nalive,
9,236,57,N,166,Nalive,
9,237,57,N,167,Nalive,
9,238,57,N,168,Nalive,
9,239,57,N,169,Nalive,
9,240,57,N,170,Nalive,
9,241,57,N,171,Nalive,
9,242,57,N,172,Nalive,
9,243,57,N,173,Nalive,
9,244,57,N,174,Nalive,
9,245,57,N,175,Nalive,
9,246,57,N,176,Nalive,
9,247,57,N,177,Nalive,
9,248,57,N,178,Nalive,
10,71,1593,N,1,Ndead,
10,72,1593,N,2,Ndead,
10,73,1593,N,3,Ndead,
10,74,1593,N,4,Ndead,
10,75,1593,N,5,Ndead,
10,76,1593,N,6,Ndead,
10,77,1593,N,7,Ndead,
10,78,1593,N,8,Ndead,
10,79,1593,N,9,Ndead,
10,80,1593,N,10,Ndead,
10,81,1593,N,11,Ndead,
10,82,1593,N,12,Ndead,
10,83,1593,N,13,Ndead,
10,84,1593,N,14,Ndead,
10,85,1593,N,15,Ndead,
10,86,1593,N,16,Ndead,
10,87,1593,N,17,Ndead,
10,88,1593,N,18,Ndead,
10,89,1593,N,19,Ndead,
10,90,1593,N,20,Ndead,
10,91,1593,N,21,Ndead,
10,92,1593,N,22,Ndead,
10,93,1593,N,23,Ndead,
10,94,1593,N,24,Ndead,
10,95,1593,N,25,Ndead,
10,96,1593,N,26,Ndead,
10,97,1593,N,27,Ndead,
10,98,1593,N,28,Ndead,
10,99,1593,N,29,Ndead,
10,100,1593,N,30,Ndead,
10,101,1593,N,31,Ndead,
10,102,1593,N,32,Ndead,
10,103,1593,N,33,Ndead,
10,104,1593,N,34,Ndead,
10,105,1593,N,35,Ndead,
10,106,1593,N,36,Ndead,
10,107,1593,N,37,Ndead,
10,108,1593,N,38,Ndead,
10,109,1593,N,39,Ndead,
10,110,1593,N,40,Ndead,
10,111,1593,N,41,Ndead,
10,112,1593,N,42,Ndead,
10,113,1593,N,43,Ndead,
10,114,1593,N,44,Ndead,
10,115,1593,N,45,Ndead,
10,116,1593,N,46,Ndead,
10,117,1593,N,47,Ndead,
10,118,1593,N,48,Ndead,
10,119,1593,N,49,Ndead,
10,120,1593,N,50,Ndead,
10,121,1593,N,51,Ndead,
10,122,1593,N,52,Ndead,
10,123,1593,N,53,Ndead,
10,124,1593,N,54,Ndead,
10,125,1593,N,55,Ndead,
10,126,1593,N,56,Ndead,
10,127,1593,N,57,Ndead,
10,128,1593,N,58,Ndead,
10,129,1593,N,59,Ndead,
10,130,1593,N,60,Ndead,
10,131,1593,N,61,Ndead,
10,132,1593,N,62,Ndead,
10,133,1593,N,63,Ndead,
10,134,1593,N,64,Ndead,
10,135,1593,N,65,Ndead,
10,136,1593,N,66,Ndead,
10,137,1593,N,67,Ndead,
10,138,1593,N,68,Ndead,
10,139,1593,N,69,Ndead,
10,140,1593,N,70,Ndead,
10,141,1593,N,71,Ndead,
10,142,1593,N,72,Ndead,
10,143,1593,N,73,Ndead,
10,144,1593,N,74,Ndead,
10,145,1593,N,75,Ndead,
10,146,1593,N,76,Ndead,
10,147,1593,N,77,Ndead,
10,148,1593,N,78,Ndead,
10,149,1593,N,79,Ndead,
10,150,1593,N,80,Ndead,
10,151,1593,N,81,Ndead,
10,152,1593,N,82,Ndead,
10,153,1593,N,83,Ndead,
10,154,1593,N,84,Ndead,
10,155,1593,N,85,Ndead,
10,156,1593,N,86,Ndead,
10,157,1593,N,87,Ndead,
10,158,568,N,88,Nalive,
10,159,568,N,89,Nalive,
10,160,568,N,90,Nalive,
10,161,568,N,91,Nalive,
10,162,568,N,92,Nalive,
10,163,568,N,93,Nalive,
10,164,568,N,94,Nalive,
10,165,568,N,95,Nalive,
10,166,568,N,96,Nalive,
10,167,568,N,97,Nalive,
10,168,568,N,98,Nalive,
10,169,568,N,99,Nalive,
10,170,568,N,100,Nalive,
10,171,568,N,101,Nalive,
10,172,568,N,102,Nalive,
10,173,568,N,103,Nalive,
10,174,568,N,104,Nalive,
10,175,568,N,105,Nalive,
10,176,568,N,106,Nalive,
10,177,568,N,107,Nalive,
10,178,568,N,108,Nalive,
10,179,568,N,109,Nalive,
10,180,568,N,110,Nalive,
10,181,568,N,111,Nalive,
10,182,568,N,112,Nalive,
10,183,568,N,113,Nalive,
10,184,568,N,114,Nalive,
10,185,568,N,115,Nalive,
10,186,568,N,116,Nalive,
10,187,568,N,117,Nalive,
10,188,568,N,118,Nalive,
10,189,568,N,119,Nalive,
10,190,568,N,120,Nalive,
10,191,568,N,121,Nalive,
10,192,568,N,122,Nalive,
10,193,568,N,123,Nalive,
10,194,568,N,124,Nalive,
10,195,568,N,125,Nalive,
10,196,568,N,126,Nalive,
10,197,568,N,127,Nalive,
10,198,568,N,128,Nalive,
10,199,568,N,129,Nalive,
10,200,568,N,130,Nalive,
10,201,568,N,131,Nalive,
10,202,568,N,132,Nalive,
10,203,568,N,133,Nalive,
10,204,568,N,134,Nalive,
10,205,568,N,135,Nalive,
10,206,568,N,136,Nalive,
10,207,568,N,137,Nalive,
10,208,568,N,138,Nalive,
10,209,568,N,139,Nalive,
10,210,568,N,140,Nalive,
10,211,568,N,141,Nalive,
10,212,568,N,142,Nalive,
10,213,568,N,143,Nalive,
10,214,568,N,144,Nalive,
10,215,568,N,145,Nalive,
10,216,568,N,146,Nalive,
10,217,568,N,147,Nalive,
10,218,568,N,148,Nalive,
10,219,568,N,149,Nalive,
10,220,568,N,150,Nalive,
10,221,568,N,151,Nalive,
10,222,568,N,152,Nalive,
10,223,568,N,153,Nalive,
10,224,568,N,154,Nalive,
10,225,568,N,155,Nalive,
10,226,568,N,156,Nalive,
10,227,568,N,157,Nalive,
10,228,568,N,158,Nalive,
10,229,568,N,159,Nalive,
10,230,568,N,160,Nalive,
10,231,568,N,161,Nalive,
10,232,568,N,162,Nalive,
10,233,568,N,163,Nalive,
10,234,568,N,164,Nalive,
10,235,166,N,165,Nalive,
10,236,166,N,166,Nalive,
10,237,166,N,167,Nalive,
10,238,166,N,168,Nalive,
10,239,166,N,169,Nalive,
10,240,166,N,170,Nalive,
10,241,166,N,171,Nalive,
10,242,166,N,172,Nalive,
10,243,166,N,173,Nalive,
10,244,166,N,174,Nalive,
10,245,166,N,175,Nalive,
10,246,166,N,176,Nalive,
10,247,166,N,177,Nalive,
10,248,166,N,178,Nalive,
11,158,1593,N,1,Ndead,
11,159,1593,N,2,Ndead,
11,160,1593,N,3,Ndead,
11,161,1593,N,4,Ndead,
11,162,1593,N,5,Ndead,
11,163,1593,N,6,Ndead,
11,164,1593,N,7,Ndead,
11,165,1593,N,8,Ndead,
11,166,1593,N,9,Ndead,
11,167,1593,N,10,Ndead,
11,168,1593,N,11,Ndead,
11,169,1593,N,12,Ndead,
11,170,1593,N,13,Ndead,
11,171,1593,N,14,Ndead,
11,172,1593,N,15,Ndead,
11,173,1593,N,16,Ndead,
11,174,1593,N,17,Ndead,
11,175,1593,N,18,Ndead,
11,176,1593,N,19,Ndead,
11,177,1593,N,20,Ndead,
11,178,1593,N,21,Ndead,
11,179,1593,N,22,Ndead,
11,180,1593,N,23,Ndead,
11,181,1593,N,24,Ndead,
11,182,1593,N,25,Ndead,
11,183,1593,N,26,Ndead,
11,184,1593,N,27,Ndead,
11,185,1593,N,28,Ndead,
11,186,1593,N,29,Ndead,
11,187,1593,N,30,Ndead,
11,188,1593,N,31,Ndead,
11,189,1593,N,32,Ndead,
11,190,1593,N,33,Ndead,
11,191,1593,N,34,Ndead,
11,192,1593,N,35,Ndead,
11,193,1593,N,36,Ndead,
11,194,1593,N,37,Ndead,
11,195,1593,N,38,Ndead,
11,196,1593,N,39,Ndead,
11,197,1593,N,40,Ndead,
11,198,1593,N,41,Ndead,
11,199,1593,N,42,Ndead,
11,200,1593,N,43,Ndead,
11,201,1593,N,44,Ndead,
11,202,1593,N,45,Ndead,
11,203,1593,N,46,Ndead,
11,204,1593,N,47,Ndead,
11,205,1593,N,48,Ndead,
11,206,1593,N,49,Ndead,
11,207,1593,N,50,Ndead,
11,208,1593,N,51,Ndead,
11,209,1593,N,52,Ndead,
11,210,1593,N,53,Ndead,
11,211,1593,N,54,Ndead,
11,212,1593,N,55,Ndead,
11,213,1593,N,56,Ndead,
11,214,1593,N,57,Ndead,
11,215,1593,N,58,Ndead,
11,216,1593,N,59,Ndead,
11,217,1593,N,60,Ndead,
11,218,1593,N,61,Ndead,
11,219,1593,N,62,Ndead,
11,220,1593,N,63,Ndead,
11,221,1593,N,64,Ndead,
11,222,1593,N,65,Ndead,
11,223,1593,N,66,Ndead,
11,224,1593,N,67,Ndead,
11,225,1593,N,68,Ndead,
11,226,1593,N,69,Ndead,
11,227,1593,N,70,Ndead,
11,228,1593,N,71,Ndead,
11,229,1593,N,72,Ndead,
11,230,1593,N,73,Ndead,
11,231,1593,N,74,Ndead,
11,232,1593,N,75,Ndead,
11,233,1593,N,76,Ndead,
11,234,1593,N,77,Ndead,
11,235,568,N,78,Nalive,
11,236,568,N,79,Nalive,
11,237,568,N,80,Nalive,
11,238,568,N,81,Nalive,
11,239,568,N,82,Nalive,
11,240,568,N,83,Nalive,
11,241,568,N,84,Nalive,
11,242,568,N,85,Nalive,
11,243,568,N,86,Nalive,
11,244,568,N,87,Nalive,
11,245,568,N,88,Nalive,
11,246,568,N,89,Nalive,
11,247,568,N,90,Nalive,
11,248,568,N,91,Nalive,
12,235,1593,N,1,Ndead,
12,236,1593,N,2,Ndead,
12,237,1593,N,3,Ndead,
12,238,1593,N,4,Ndead,
12,239,1593,N,5,Ndead,
12,240,1593,N,6,Ndead,
12,241,1593,N,7,Ndead,
12,242,1593,N,8,Ndead,
12,243,1593,N,9,Ndead,
12,244,1593,N,10,Ndead,
12,245,1593,N,11,Ndead,
12,246,1593,N,12,Ndead,
12,247,1593,N,13,Ndead,
12,248,1593,N,14,Ndead,
